{
    "guilds": {
        "917352705356341260": {
            "antinuke": {
                "antirole-delete": true,
                "antirole-create": true,
                "antirole-update": true,
                "antichannel-create": true,
                "antichannel-delete": true,
                "antichannel-update": true,
                "antiban": true,
                "antikick": true,
                "antiwebhook": true,
                "antibot": true,
                "antiserver": true,
                "antiping": true,
                "antiprune": true,
                "antiemoji-delete": true,
                "antiemoji-create": true,
                "antiemoji-update": true,
                "antimemberrole-update": true
            }
        },
        "1125822372281319575": {
            "antinuke": {
                "antirole-delete": true,
                "antirole-create": true,
                "antirole-update": true,
                "antichannel-create": true,
                "antichannel-delete": true,
                "antichannel-update": true,
                "antiban": true,
                "antikick": true,
                "antiwebhook": true,
                "antibot": true,
                "antiserver": true,
                "antiping": true,
                "antiprune": true,
                "antiemoji-delete": true,
                "antiemoji-create": true,
                "antiemoji-update": true,
                "antimemberrole-update": true
            }
        },
        "1115767248590749808": {
            "antinuke": {
                "antirole-delete": true,
                "antirole-create": true,
                "antirole-update": true,
                "antichannel-create": true,
                "antichannel-delete": true,
                "antichannel-update": true,
                "antiban": true,
                "antikick": true,
                "antiwebhook": true,
                "antibot": true,
                "antiserver": true,
                "antiping": true,
                "antiprune": true,
                "antiemoji-delete": true,
                "antiemoji-create": true,
                "antiemoji-update": true,
                "antimemberrole-update": true
            }
        }
    }
}