{
    "guilds": {
        "1075480726151110656": {
            "owners": [],
            "antiSpam": false,
            "antiLink": false,
            "antiinvites": false,
            "punishment": "mute",
            "whitelisted": [],
            "channel": null,
            "mods": [],
            "modrole": null,
            "ignorechannels": []
        },
        "1125822372281319575": {
            "owners": [],
            "antiSpam": false,
            "antiLink": false,
            "antiinvites": false,
            "punishment": "mute",
            "whitelisted": [],
            "channel": null,
            "mods": [],
            "modrole": null,
            "ignorechannels": []
        },
        "1115767248590749808": {
            "owners": [],
            "antiSpam": false,
            "antiLink": false,
            "antiinvites": false,
            "punishment": "mute",
            "whitelisted": [],
            "channel": null,
            "mods": [],
            "modrole": null,
            "ignorechannels": []
        }
    }
}