{
  "OWNER_IDS": [814895546958872606],
  "TOKEN": "MTI3NDUwMDgyNzM2ODkxOTA1MQ.GkHUmA.NoSf-i3dP8QugWBvpZ_OVvCeIiu6dGgSl6ZERc",
  "BotName": "The sigma",
  "serverLink": "https://discord.gg/encoders",
  "wh_cl": "https://discord.com/api/webhooks/1274504936985591918/d4m8-7aSHsSDjyg4T2RA8OLPcfhTv_oe3VE3C0r4YZ4msSswS-mViDgYSzkQvwyuPkgn",
  "wh_bl": "https://discord.com/api/webhooks/1274505194796748883/-VMlAbwdDptthN7N_0S0P1mLFImJHUEHylmr7wg6RkvAvLdXiuORgq4QDX7gv-n4oI01",
  "statusText": ".help",
  "EXTENSIONS": ["cogs.events"],
  "np": [814895546958872606]
}
